iter	Logloss
0	0.6721941865
1	0.6522134025
2	0.6324108018
3	0.6218395506
4	0.6019131735
5	0.5894637051
6	0.5709792294
7	0.5589942635
8	0.5382785714
9	0.5311775596
10	0.5179079907
11	0.4990731991
12	0.4899185694
13	0.4790270123
